{
  "model_id": "M1",
  "description": "Arc-Standard + Static Oracle + Sparse Features + Averaged Perceptron + Greedy Decoding",
  "transition_system": "arc-standard",
  "oracle": "static",
  "features": "sparse handcrafted",
  "classifier": "averaged perceptron",
  "decoder": "greedy",
  "epochs": 10,
  "selected_epoch": 10,
  "train_sentences_original": 14450,
  "train_sentences_kept": 13816,
  "train_sentences_filtered": 634,
  "train_tokens": 332744,
  "dev_sentences": 1476,
  "test_sentences": 416,
  "dev_tokens": 35721,
  "test_tokens": 10017,
  "dev_uas": 89.76,
  "dev_las": 86.49,
  "test_uas": 87.69,
  "test_las": 83.69,
  "dev": {
    "uas": 89.75672573556172,
    "las": 86.48694045519443,
    "sentences": 1476,
    "tokens": 35721
  },
  "test": {
    "uas": 87.69092542677448,
    "las": 83.68773085754218,
    "sentences": 416,
    "tokens": 10017
  },
  "train": {
    "sentences": 13816,
    "tokens": 332744
  },
  "efficiency": {
    "training_time_seconds": 7164.109432458878,
    "parsing_time_seconds": 22.186048984527588,
    "test_sentences_per_second": 18.750522019045203,
    "test_tokens_per_second": 451.49994967494183
  },
  "epoch_history": [
    {
      "epoch": 1,
      "train_accuracy": 89.58598802683144,
      "correct_predictions": 596184,
      "total_predictions": 665488,
      "elapsed_seconds": 458.1309857368469,
      "dev_uas": 88.24221046443269,
      "dev_las": 84.52730886593321,
      "oracle_transition_counts": {
        "SHIFT": 332744,
        "LEFT-ARC": 182153,
        "RIGHT-ARC": 150591
      }
    },
    {
      "epoch": 2,
      "train_accuracy": 92.65020556343615,
      "correct_predictions": 616576,
      "total_predictions": 665488,
      "elapsed_seconds": 428.5075647830963,
      "dev_uas": 88.95327678396463,
      "dev_las": 85.4623330813807,
      "oracle_transition_counts": {
        "SHIFT": 332744,
        "LEFT-ARC": 182153,
        "RIGHT-ARC": 150591
      }
    },
    {
      "epoch": 3,
      "train_accuracy": 94.02062847113697,
      "correct_predictions": 625696,
      "total_predictions": 665488,
      "elapsed_seconds": 470.874587059021,
      "dev_uas": 89.26121889084853,
      "dev_las": 85.83466308334033,
      "oracle_transition_counts": {
        "SHIFT": 332744,
        "LEFT-ARC": 182153,
        "RIGHT-ARC": 150591
      }
    },
    {
      "epoch": 4,
      "train_accuracy": 94.92522780275527,
      "correct_predictions": 631716,
      "total_predictions": 665488,
      "elapsed_seconds": 433.35619044303894,
      "dev_uas": 89.58315836622714,
      "dev_las": 86.21259203269786,
      "oracle_transition_counts": {
        "SHIFT": 332744,
        "LEFT-ARC": 182153,
        "RIGHT-ARC": 150591
      }
    },
    {
      "epoch": 5,
      "train_accuracy": 95.64169451590412,
      "correct_predictions": 636484,
      "total_predictions": 665488,
      "elapsed_seconds": 439.813401222229,
      "dev_uas": 89.6867388930881,
      "dev_las": 86.32457098065564,
      "oracle_transition_counts": {
        "SHIFT": 332744,
        "LEFT-ARC": 182153,
        "RIGHT-ARC": 150591
      }
    },
    {
      "epoch": 6,
      "train_accuracy": 96.24441011708701,
      "correct_predictions": 640495,
      "total_predictions": 665488,
      "elapsed_seconds": 480.85666966438293,
      "dev_uas": 89.74552784076593,
      "dev_las": 86.41415413902186,
      "oracle_transition_counts": {
        "SHIFT": 332744,
        "LEFT-ARC": 182153,
        "RIGHT-ARC": 150591
      }
    },
    {
      "epoch": 7,
      "train_accuracy": 96.67927896521049,
      "correct_predictions": 643389,
      "total_predictions": 665488,
      "elapsed_seconds": 1047.8788242340088,
      "dev_uas": 89.73432994597016,
      "dev_las": 86.39735729682819,
      "oracle_transition_counts": {
        "SHIFT": 332744,
        "RIGHT-ARC": 150591,
        "LEFT-ARC": 182153
      }
    },
    {
      "epoch": 8,
      "train_accuracy": 97.05764792152526,
      "correct_predictions": 645907,
      "total_predictions": 665488,
      "elapsed_seconds": 971.0815415382385,
      "dev_uas": 89.793118893648,
      "dev_las": 86.45614624450604,
      "oracle_transition_counts": {
        "SHIFT": 332744,
        "LEFT-ARC": 182153,
        "RIGHT-ARC": 150591
      }
    },
    {
      "epoch": 9,
      "train_accuracy": 97.40040391412016,
      "correct_predictions": 648188,
      "total_predictions": 665488,
      "elapsed_seconds": 774.1178288459778,
      "dev_uas": 89.75952520926066,
      "dev_las": 86.43375045491447,
      "oracle_transition_counts": {
        "SHIFT": 332744,
        "LEFT-ARC": 182153,
        "RIGHT-ARC": 150591
      }
    },
    {
      "epoch": 10,
      "train_accuracy": 97.63391676484024,
      "correct_predictions": 649742,
      "total_predictions": 665488,
      "elapsed_seconds": 906.0700511932373,
      "dev_uas": 89.75672573556172,
      "dev_las": 86.48694045519443,
      "oracle_transition_counts": {
        "SHIFT": 332744,
        "LEFT-ARC": 182153,
        "RIGHT-ARC": 150591
      }
    }
  ],
  "transition_distribution": {
    "SHIFT": 3327440,
    "LEFT-ARC": 1821530,
    "RIGHT-ARC": 1505910
  },
  "analysis": {
    "las_by_label": [
      {
        "label": "det",
        "support": 1459,
        "correct": 1447,
        "las": 99.17751884852639
      },
      {
        "label": "case",
        "support": 1309,
        "correct": 1284,
        "las": 98.09014514896867
      },
      {
        "label": "punct",
        "support": 1186,
        "correct": 903,
        "las": 76.13827993254637
      },
      {
        "label": "nmod",
        "support": 856,
        "correct": 691,
        "las": 80.72429906542057
      },
      {
        "label": "nsubj",
        "support": 519,
        "correct": 446,
        "las": 85.9344894026975
      },
      {
        "label": "amod",
        "support": 485,
        "correct": 462,
        "las": 95.25773195876289
      },
      {
        "label": "advmod",
        "support": 462,
        "correct": 380,
        "las": 82.25108225108225
      },
      {
        "label": "root",
        "support": 416,
        "correct": 337,
        "las": 81.00961538461539
      },
      {
        "label": "obl:mod",
        "support": 348,
        "correct": 210,
        "las": 60.3448275862069
      },
      {
        "label": "obj",
        "support": 344,
        "correct": 287,
        "las": 83.43023255813954
      },
      {
        "label": "conj",
        "support": 319,
        "correct": 197,
        "las": 61.755485893416925
      },
      {
        "label": "cc",
        "support": 256,
        "correct": 231,
        "las": 90.234375
      },
      {
        "label": "mark",
        "support": 244,
        "correct": 222,
        "las": 90.98360655737704
      },
      {
        "label": "obl:arg",
        "support": 187,
        "correct": 119,
        "las": 63.63636363636363
      },
      {
        "label": "cop",
        "support": 153,
        "correct": 141,
        "las": 92.15686274509804
      },
      {
        "label": "aux:tense",
        "support": 132,
        "correct": 118,
        "las": 89.39393939393939
      },
      {
        "label": "flat:name",
        "support": 122,
        "correct": 113,
        "las": 92.62295081967213
      },
      {
        "label": "xcomp",
        "support": 115,
        "correct": 84,
        "las": 73.04347826086956
      },
      {
        "label": "appos",
        "support": 112,
        "correct": 57,
        "las": 50.892857142857146
      },
      {
        "label": "nummod",
        "support": 110,
        "correct": 105,
        "las": 95.45454545454545
      },
      {
        "label": "advcl",
        "support": 109,
        "correct": 61,
        "las": 55.96330275229358
      },
      {
        "label": "acl",
        "support": 107,
        "correct": 66,
        "las": 61.6822429906542
      },
      {
        "label": "fixed",
        "support": 105,
        "correct": 75,